id,nombre,horasTrabajadas,sueldo
1,Lou,120,10000
id,nombre,horasTrabajadas,sueldo
2,Ulrike,180,25000
id,nombre,horasTrabajadas,sueldo
3,Brade,325,20000
id,nombre,horasTrabajadas,sueldo
4,Kimbell,120,50000
id,nombre,horasTrabajadas,sueldo
5,Sheelagh,220,18000
id,nombre,horasTrabajadas,sueldo
6,Gayle,120,30000
id,nombre,horasTrabajadas,sueldo
7,Kimberlee,60,33000
id,nombre,horasTrabajadas,sueldo
8,Henrieta,90,30000
id,nombre,horasTrabajadas,sueldo
9,Jeanine,325,18000
id,nombre,horasTrabajadas,sueldo
10,Aggie,75,15000
id,nombre,horasTrabajadas,sueldo
11,Brandea,180,15000
id,nombre,horasTrabajadas,sueldo
12,Cordelie,325,50000
id,nombre,horasTrabajadas,sueldo
13,Shel,120,50000
id,nombre,horasTrabajadas,sueldo
14,Bronnie,60,20000
id,nombre,horasTrabajadas,sueldo
15,Megen,180,10000
id,nombre,horasTrabajadas,sueldo
16,Iver,90,12000
id,nombre,horasTrabajadas,sueldo
17,Ernesta,60,37000
id,nombre,horasTrabajadas,sueldo
18,Cirillo,88,50000
id,nombre,horasTrabajadas,sueldo
19,Park,120,30000
id,nombre,horasTrabajadas,sueldo
20,Bellanca,88,15000
id,nombre,horasTrabajadas,sueldo
21,Bobbye,180,15000
id,nombre,horasTrabajadas,sueldo
22,Eugene,88,50000
id,nombre,horasTrabajadas,sueldo
23,Johnny,325,33000
id,nombre,horasTrabajadas,sueldo
24,Reagen,90,42000
id,nombre,horasTrabajadas,sueldo
25,Braden,180,25000
id,nombre,horasTrabajadas,sueldo
26,Karim,75,25000
id,nombre,horasTrabajadas,sueldo
27,Anthea,90,42000
id,nombre,horasTrabajadas,sueldo
28,Doro,120,33000
id,nombre,horasTrabajadas,sueldo
29,Gaye,120,37000
id,nombre,horasTrabajadas,sueldo
30,Toby,180,15000
id,nombre,horasTrabajadas,sueldo
31,Franny,325,15000
id,nombre,horasTrabajadas,sueldo
32,Katey,180,42000
id,nombre,horasTrabajadas,sueldo
33,Earle,90,10000
id,nombre,horasTrabajadas,sueldo
34,Redd,88,42000
id,nombre,horasTrabajadas,sueldo
35,Jehanna,220,50000
id,nombre,horasTrabajadas,sueldo
36,Cristie,180,10000
id,nombre,horasTrabajadas,sueldo
37,Stefa,88,42000
id,nombre,horasTrabajadas,sueldo
38,Roda,90,25000
id,nombre,horasTrabajadas,sueldo
39,Alfredo,88,10000
id,nombre,horasTrabajadas,sueldo
40,Sydney,75,10000
id,nombre,horasTrabajadas,sueldo
41,Brnaba,180,30000
id,nombre,horasTrabajadas,sueldo
42,Ame,88,50000
id,nombre,horasTrabajadas,sueldo
43,Bradney,88,25000
id,nombre,horasTrabajadas,sueldo
44,Margarete,120,50000
id,nombre,horasTrabajadas,sueldo
45,Nikoletta,120,50000
id,nombre,horasTrabajadas,sueldo
46,Lonnard,75,50000
id,nombre,horasTrabajadas,sueldo
47,Raine,180,30000
id,nombre,horasTrabajadas,sueldo
48,Noella,120,15000
id,nombre,horasTrabajadas,sueldo
49,Dagmar,88,25000
id,nombre,horasTrabajadas,sueldo
50,Carroll,220,42000
id,nombre,horasTrabajadas,sueldo
51,Marion,88,50000
id,nombre,horasTrabajadas,sueldo
52,Carline,220,12000
id,nombre,horasTrabajadas,sueldo
53,Hyacinthie,75,15000
id,nombre,horasTrabajadas,sueldo
54,Julina,120,33000
id,nombre,horasTrabajadas,sueldo
55,Corina,220,37000
id,nombre,horasTrabajadas,sueldo
56,Bernardine,75,33000
id,nombre,horasTrabajadas,sueldo
57,Homer,180,18000
id,nombre,horasTrabajadas,sueldo
58,Lianna,220,12000
id,nombre,horasTrabajadas,sueldo
59,Celene,120,50000
id,nombre,horasTrabajadas,sueldo
60,Kori,90,50000
id,nombre,horasTrabajadas,sueldo
61,Deeyn,88,20000
id,nombre,horasTrabajadas,sueldo
62,Marysa,75,20000
id,nombre,horasTrabajadas,sueldo
63,Loy,120,15000
id,nombre,horasTrabajadas,sueldo
64,Gabbey,120,37000
id,nombre,horasTrabajadas,sueldo
65,Star,90,33000
id,nombre,horasTrabajadas,sueldo
66,Dominica,120,33000
id,nombre,horasTrabajadas,sueldo
67,Blanch,75,15000
id,nombre,horasTrabajadas,sueldo
68,Cristobal,120,15000
id,nombre,horasTrabajadas,sueldo
69,Paulita,120,50000
id,nombre,horasTrabajadas,sueldo
70,Sayre,180,33000
id,nombre,horasTrabajadas,sueldo
71,Shaughn,90,15000
id,nombre,horasTrabajadas,sueldo
72,Katrine,90,25000
id,nombre,horasTrabajadas,sueldo
73,Cristi,88,42000
id,nombre,horasTrabajadas,sueldo
74,Cristie,90,25000
id,nombre,horasTrabajadas,sueldo
75,Solomon,90,10000
id,nombre,horasTrabajadas,sueldo
76,Nananne,120,33000
id,nombre,horasTrabajadas,sueldo
77,Sacha,90,25000
id,nombre,horasTrabajadas,sueldo
78,Morse,180,25000
id,nombre,horasTrabajadas,sueldo
79,Roland,180,25000
id,nombre,horasTrabajadas,sueldo
80,Jesselyn,180,30000
id,nombre,horasTrabajadas,sueldo
81,Kylila,325,12000
id,nombre,horasTrabajadas,sueldo
82,Kendre,180,25000
id,nombre,horasTrabajadas,sueldo
83,Lesya,90,15000
id,nombre,horasTrabajadas,sueldo
84,Tatiania,120,20000
id,nombre,horasTrabajadas,sueldo
85,Trenton,88,12000
id,nombre,horasTrabajadas,sueldo
86,Angie,90,20000
id,nombre,horasTrabajadas,sueldo
87,Joelle,90,37000
id,nombre,horasTrabajadas,sueldo
88,George,60,30000
id,nombre,horasTrabajadas,sueldo
89,Guenevere,90,30000
id,nombre,horasTrabajadas,sueldo
90,Margaretha,75,10000
id,nombre,horasTrabajadas,sueldo
91,Sully,60,15000
id,nombre,horasTrabajadas,sueldo
92,Lonni,220,50000
id,nombre,horasTrabajadas,sueldo
93,Nicky,180,42000
id,nombre,horasTrabajadas,sueldo
94,My,90,18000
id,nombre,horasTrabajadas,sueldo
95,Kyrstin,90,37000
id,nombre,horasTrabajadas,sueldo
96,Martino,75,15000
id,nombre,horasTrabajadas,sueldo
97,Marcellus,88,50000
id,nombre,horasTrabajadas,sueldo
98,Jacquelin,120,30000
id,nombre,horasTrabajadas,sueldo
99,Aleda,90,50000
id,nombre,horasTrabajadas,sueldo
100,Georgeta,88,10000
id,nombre,horasTrabajadas,sueldo
101,Marcille,88,10000
id,nombre,horasTrabajadas,sueldo
102,Ertha,88,10000
id,nombre,horasTrabajadas,sueldo
103,Desiri,120,25000
id,nombre,horasTrabajadas,sueldo
104,Geneva,90,33000
id,nombre,horasTrabajadas,sueldo
105,Kilian,120,42000
id,nombre,horasTrabajadas,sueldo
106,Nance,75,10000
id,nombre,horasTrabajadas,sueldo
107,Gaven,180,10000
id,nombre,horasTrabajadas,sueldo
108,Carlie,220,10000
id,nombre,horasTrabajadas,sueldo
109,Trixie,325,42000
id,nombre,horasTrabajadas,sueldo
110,Dominick,75,30000
id,nombre,horasTrabajadas,sueldo
111,Petey,120,15000
id,nombre,horasTrabajadas,sueldo
112,Tersina,75,30000
id,nombre,horasTrabajadas,sueldo
113,Johnathon,90,15000
id,nombre,horasTrabajadas,sueldo
114,Freddie,180,12000
id,nombre,horasTrabajadas,sueldo
115,Harmon,220,50000
id,nombre,horasTrabajadas,sueldo
116,Tracey,75,20000
id,nombre,horasTrabajadas,sueldo
117,Cherrita,180,33000
id,nombre,horasTrabajadas,sueldo
118,Stu,60,12000
id,nombre,horasTrabajadas,sueldo
119,Glenda,220,37000
id,nombre,horasTrabajadas,sueldo
120,Lorettalorna,220,25000
id,nombre,horasTrabajadas,sueldo
121,Patrizio,60,15000
id,nombre,horasTrabajadas,sueldo
122,Linda,88,30000
id,nombre,horasTrabajadas,sueldo
123,Pippa,325,20000
id,nombre,horasTrabajadas,sueldo
124,Pen,60,18000
id,nombre,horasTrabajadas,sueldo
125,Esteban,88,15000
id,nombre,horasTrabajadas,sueldo
126,Fonzie,325,15000
id,nombre,horasTrabajadas,sueldo
127,Cindelyn,60,12000
id,nombre,horasTrabajadas,sueldo
128,Zacharie,75,30000
id,nombre,horasTrabajadas,sueldo
129,Vina,88,42000
id,nombre,horasTrabajadas,sueldo
130,Omero,75,10000
id,nombre,horasTrabajadas,sueldo
131,Tom,75,33000
id,nombre,horasTrabajadas,sueldo
132,Dante,60,30000
id,nombre,horasTrabajadas,sueldo
133,Cordy,120,18000
id,nombre,horasTrabajadas,sueldo
134,Stephenie,220,50000
id,nombre,horasTrabajadas,sueldo
135,Dunstan,325,20000
id,nombre,horasTrabajadas,sueldo
136,Gideon,180,15000
id,nombre,horasTrabajadas,sueldo
137,Johnette,220,10000
id,nombre,horasTrabajadas,sueldo
138,Brynn,75,50000
id,nombre,horasTrabajadas,sueldo
139,Yankee,88,42000
id,nombre,horasTrabajadas,sueldo
140,Corbin,120,42000
id,nombre,horasTrabajadas,sueldo
141,Coreen,60,18000
id,nombre,horasTrabajadas,sueldo
142,Tanya,88,30000
id,nombre,horasTrabajadas,sueldo
143,Jenna,60,25000
id,nombre,horasTrabajadas,sueldo
144,Flora,90,33000
id,nombre,horasTrabajadas,sueldo
145,Dianna,90,20000
id,nombre,horasTrabajadas,sueldo
146,Armand,60,15000
id,nombre,horasTrabajadas,sueldo
147,Gustie,180,42000
id,nombre,horasTrabajadas,sueldo
148,Benton,180,12000
id,nombre,horasTrabajadas,sueldo
149,Lena,325,25000
id,nombre,horasTrabajadas,sueldo
150,Dot,180,18000
id,nombre,horasTrabajadas,sueldo
151,Meryl,220,12000
id,nombre,horasTrabajadas,sueldo
152,Babbie,120,15000
id,nombre,horasTrabajadas,sueldo
153,Byram,90,42000
id,nombre,horasTrabajadas,sueldo
154,Bertine,60,25000
id,nombre,horasTrabajadas,sueldo
155,Osbert,120,42000
id,nombre,horasTrabajadas,sueldo
156,Tanny,325,42000
id,nombre,horasTrabajadas,sueldo
157,Maryjo,60,12000
id,nombre,horasTrabajadas,sueldo
158,Clarie,60,42000
id,nombre,horasTrabajadas,sueldo
159,Kipp,90,15000
id,nombre,horasTrabajadas,sueldo
160,Leonie,325,50000
id,nombre,horasTrabajadas,sueldo
161,Ferdie,120,15000
id,nombre,horasTrabajadas,sueldo
162,Ofella,90,50000
id,nombre,horasTrabajadas,sueldo
163,Pascale,220,15000
id,nombre,horasTrabajadas,sueldo
164,Cathrin,120,30000
id,nombre,horasTrabajadas,sueldo
165,Sib,60,33000
id,nombre,horasTrabajadas,sueldo
166,Darleen,220,42000
id,nombre,horasTrabajadas,sueldo
167,Didi,60,15000
id,nombre,horasTrabajadas,sueldo
168,Lodovico,60,18000
id,nombre,horasTrabajadas,sueldo
169,Farley,325,12000
id,nombre,horasTrabajadas,sueldo
170,Devi,60,25000
id,nombre,horasTrabajadas,sueldo
171,Clair,180,37000
id,nombre,horasTrabajadas,sueldo
172,Addy,325,33000
id,nombre,horasTrabajadas,sueldo
173,Brandon,90,18000
id,nombre,horasTrabajadas,sueldo
174,Prentiss,60,30000
id,nombre,horasTrabajadas,sueldo
175,Lorant,88,50000
id,nombre,horasTrabajadas,sueldo
176,Wanids,325,30000
id,nombre,horasTrabajadas,sueldo
177,Robbi,75,10000
id,nombre,horasTrabajadas,sueldo
178,Mellicent,75,50000
id,nombre,horasTrabajadas,sueldo
179,Lynea,90,20000
id,nombre,horasTrabajadas,sueldo
180,Nial,325,15000
id,nombre,horasTrabajadas,sueldo
181,Guillaume,60,37000
id,nombre,horasTrabajadas,sueldo
182,Loutitia,88,25000
id,nombre,horasTrabajadas,sueldo
183,Ruthe,325,30000
id,nombre,horasTrabajadas,sueldo
184,Eric,60,50000
id,nombre,horasTrabajadas,sueldo
185,Marcellus,180,30000
id,nombre,horasTrabajadas,sueldo
186,Ian,75,42000
id,nombre,horasTrabajadas,sueldo
187,Sebastien,75,37000
id,nombre,horasTrabajadas,sueldo
188,Scarface,220,50000
id,nombre,horasTrabajadas,sueldo
189,Maible,75,18000
id,nombre,horasTrabajadas,sueldo
190,Waldon,90,30000
id,nombre,horasTrabajadas,sueldo
191,Bethina,75,15000
id,nombre,horasTrabajadas,sueldo
192,Farand,88,42000
id,nombre,horasTrabajadas,sueldo
193,Zolly,88,25000
id,nombre,horasTrabajadas,sueldo
194,Philipa,325,42000
id,nombre,horasTrabajadas,sueldo
195,Roderigo,88,20000
id,nombre,horasTrabajadas,sueldo
196,Otho,90,20000
id,nombre,horasTrabajadas,sueldo
197,Alasteir,120,20000
id,nombre,horasTrabajadas,sueldo
198,Eleonora,120,42000
id,nombre,horasTrabajadas,sueldo
199,Eliot,60,12000
id,nombre,horasTrabajadas,sueldo
200,Alana,220,30000
id,nombre,horasTrabajadas,sueldo
201,Odey,60,20000
id,nombre,horasTrabajadas,sueldo
202,Yorke,88,15000
id,nombre,horasTrabajadas,sueldo
203,Cissiee,180,18000
id,nombre,horasTrabajadas,sueldo
204,Jillana,180,18000
id,nombre,horasTrabajadas,sueldo
205,Mallorie,88,30000
id,nombre,horasTrabajadas,sueldo
206,Borden,88,12000
id,nombre,horasTrabajadas,sueldo
207,Maddie,60,33000
id,nombre,horasTrabajadas,sueldo
208,Weider,88,50000
id,nombre,horasTrabajadas,sueldo
209,Asia,325,37000
id,nombre,horasTrabajadas,sueldo
210,Sayres,88,10000
id,nombre,horasTrabajadas,sueldo
211,Marcile,120,30000
id,nombre,horasTrabajadas,sueldo
212,Thomasina,60,42000
id,nombre,horasTrabajadas,sueldo
213,Darwin,220,18000
id,nombre,horasTrabajadas,sueldo
214,Nicolina,90,30000
id,nombre,horasTrabajadas,sueldo
215,Nita,60,12000
id,nombre,horasTrabajadas,sueldo
216,Nikoletta,120,12000
id,nombre,horasTrabajadas,sueldo
217,Dwight,220,42000
id,nombre,horasTrabajadas,sueldo
218,Romola,88,50000
id,nombre,horasTrabajadas,sueldo
219,Kaile,325,33000
id,nombre,horasTrabajadas,sueldo
220,Mozes,220,25000
id,nombre,horasTrabajadas,sueldo
221,Aylmer,325,33000
id,nombre,horasTrabajadas,sueldo
222,Marina,120,12000
id,nombre,horasTrabajadas,sueldo
223,Enrico,325,50000
id,nombre,horasTrabajadas,sueldo
224,Zonda,325,33000
id,nombre,horasTrabajadas,sueldo
225,Adriano,220,33000
id,nombre,horasTrabajadas,sueldo
226,Trula,88,30000
id,nombre,horasTrabajadas,sueldo
227,Adel,180,30000
id,nombre,horasTrabajadas,sueldo
228,Jeniece,180,15000
id,nombre,horasTrabajadas,sueldo
229,Tabina,60,10000
id,nombre,horasTrabajadas,sueldo
230,Liana,60,33000
id,nombre,horasTrabajadas,sueldo
231,Marmaduke,220,10000
id,nombre,horasTrabajadas,sueldo
232,Alla,88,30000
id,nombre,horasTrabajadas,sueldo
233,Peter,120,12000
id,nombre,horasTrabajadas,sueldo
234,Pietro,75,18000
id,nombre,horasTrabajadas,sueldo
235,Hiram,88,20000
id,nombre,horasTrabajadas,sueldo
236,Anastasia,180,18000
id,nombre,horasTrabajadas,sueldo
237,Cathleen,180,10000
id,nombre,horasTrabajadas,sueldo
238,Leeanne,120,15000
id,nombre,horasTrabajadas,sueldo
239,Chet,325,42000
id,nombre,horasTrabajadas,sueldo
240,Billie,75,37000
id,nombre,horasTrabajadas,sueldo
241,Alexandra,75,42000
id,nombre,horasTrabajadas,sueldo
242,Broddie,90,42000
id,nombre,horasTrabajadas,sueldo
243,Brigham,180,25000
id,nombre,horasTrabajadas,sueldo
244,Cal,120,42000
id,nombre,horasTrabajadas,sueldo
245,Donal,75,18000
id,nombre,horasTrabajadas,sueldo
246,Adam,220,20000
id,nombre,horasTrabajadas,sueldo
247,Dotty,180,42000
id,nombre,horasTrabajadas,sueldo
248,Maynard,120,18000
id,nombre,horasTrabajadas,sueldo
249,Jessee,90,30000
id,nombre,horasTrabajadas,sueldo
250,Tiphani,88,42000
id,nombre,horasTrabajadas,sueldo
251,Jenna,180,30000
id,nombre,horasTrabajadas,sueldo
252,Karlotte,88,20000
id,nombre,horasTrabajadas,sueldo
253,Norene,220,25000
id,nombre,horasTrabajadas,sueldo
254,Morris,88,10000
id,nombre,horasTrabajadas,sueldo
255,Yuri,75,25000
id,nombre,horasTrabajadas,sueldo
256,Gusty,120,10000
id,nombre,horasTrabajadas,sueldo
257,Jori,180,12000
id,nombre,horasTrabajadas,sueldo
258,Sydelle,220,30000
id,nombre,horasTrabajadas,sueldo
259,Merrile,180,50000
id,nombre,horasTrabajadas,sueldo
260,Tadd,60,50000
id,nombre,horasTrabajadas,sueldo
261,Josiah,88,10000
id,nombre,horasTrabajadas,sueldo
262,Melisa,88,12000
id,nombre,horasTrabajadas,sueldo
263,Orelee,90,20000
id,nombre,horasTrabajadas,sueldo
264,Stephen,120,37000
id,nombre,horasTrabajadas,sueldo
265,Blair,180,50000
id,nombre,horasTrabajadas,sueldo
266,Arel,88,30000
id,nombre,horasTrabajadas,sueldo
267,Abbie,75,25000
id,nombre,horasTrabajadas,sueldo
268,Channa,325,50000
id,nombre,horasTrabajadas,sueldo
269,Shirl,75,20000
id,nombre,horasTrabajadas,sueldo
270,Edlin,88,20000
id,nombre,horasTrabajadas,sueldo
271,Larina,60,18000
id,nombre,horasTrabajadas,sueldo
272,Duncan,60,37000
id,nombre,horasTrabajadas,sueldo
273,Bond,180,10000
id,nombre,horasTrabajadas,sueldo
274,Dyann,75,50000
id,nombre,horasTrabajadas,sueldo
275,Charmian,60,15000
id,nombre,horasTrabajadas,sueldo
276,Dru,75,50000
id,nombre,horasTrabajadas,sueldo
277,Kiel,75,50000
id,nombre,horasTrabajadas,sueldo
278,Emory,220,15000
id,nombre,horasTrabajadas,sueldo
279,Alberik,88,50000
id,nombre,horasTrabajadas,sueldo
280,Koenraad,180,20000
id,nombre,horasTrabajadas,sueldo
281,Rafaellle,180,50000
id,nombre,horasTrabajadas,sueldo
282,Edie,325,25000
id,nombre,horasTrabajadas,sueldo
283,Osbert,325,15000
id,nombre,horasTrabajadas,sueldo
284,Sidonia,60,10000
id,nombre,horasTrabajadas,sueldo
285,Bartel,60,37000
id,nombre,horasTrabajadas,sueldo
286,Jodi,90,30000
id,nombre,horasTrabajadas,sueldo
287,Ofelia,120,30000
id,nombre,horasTrabajadas,sueldo
288,Dudley,90,42000
id,nombre,horasTrabajadas,sueldo
289,Dulcea,75,25000
id,nombre,horasTrabajadas,sueldo
290,Gordon,60,25000
id,nombre,horasTrabajadas,sueldo
291,Chalmers,220,10000
id,nombre,horasTrabajadas,sueldo
292,Christiano,60,50000
id,nombre,horasTrabajadas,sueldo
293,Russell,220,50000
id,nombre,horasTrabajadas,sueldo
294,Cleo,120,50000
id,nombre,horasTrabajadas,sueldo
295,Catriona,60,42000
id,nombre,horasTrabajadas,sueldo
296,Leigh,90,37000
id,nombre,horasTrabajadas,sueldo
297,Ddene,220,12000
id,nombre,horasTrabajadas,sueldo
298,Sayre,90,18000
id,nombre,horasTrabajadas,sueldo
299,Jody,180,33000
id,nombre,horasTrabajadas,sueldo
300,Zabrina,88,12000
id,nombre,horasTrabajadas,sueldo
301,Cos,75,30000
id,nombre,horasTrabajadas,sueldo
302,Ron,120,20000
id,nombre,horasTrabajadas,sueldo
303,Charin,180,12000
id,nombre,horasTrabajadas,sueldo
304,Coleman,220,33000
id,nombre,horasTrabajadas,sueldo
305,Jacinda,60,50000
id,nombre,horasTrabajadas,sueldo
306,Silvan,75,12000
id,nombre,horasTrabajadas,sueldo
307,Renie,90,33000
id,nombre,horasTrabajadas,sueldo
308,Davide,325,42000
id,nombre,horasTrabajadas,sueldo
309,Ernestus,60,12000
id,nombre,horasTrabajadas,sueldo
310,Brnaba,90,37000
id,nombre,horasTrabajadas,sueldo
311,Tabor,120,37000
id,nombre,horasTrabajadas,sueldo
312,Lenci,90,42000
id,nombre,horasTrabajadas,sueldo
313,Franchot,220,12000
id,nombre,horasTrabajadas,sueldo
314,Charisse,180,50000
id,nombre,horasTrabajadas,sueldo
315,Timothea,220,20000
id,nombre,horasTrabajadas,sueldo
316,Angelika,220,50000
id,nombre,horasTrabajadas,sueldo
317,Web,90,37000
id,nombre,horasTrabajadas,sueldo
318,Urban,88,10000
id,nombre,horasTrabajadas,sueldo
319,Fan,90,18000
id,nombre,horasTrabajadas,sueldo
320,Donaugh,120,12000
id,nombre,horasTrabajadas,sueldo
321,Wilona,90,25000
id,nombre,horasTrabajadas,sueldo
322,Richard,90,42000
id,nombre,horasTrabajadas,sueldo
323,Hilary,90,37000
id,nombre,horasTrabajadas,sueldo
324,Ad,90,33000
id,nombre,horasTrabajadas,sueldo
325,Maynord,220,42000
id,nombre,horasTrabajadas,sueldo
326,Lina,120,12000
id,nombre,horasTrabajadas,sueldo
327,Nerty,220,20000
id,nombre,horasTrabajadas,sueldo
328,Matias,60,33000
id,nombre,horasTrabajadas,sueldo
329,Urbano,60,50000
id,nombre,horasTrabajadas,sueldo
330,Rosemarie,220,33000
id,nombre,horasTrabajadas,sueldo
331,Booth,88,15000
id,nombre,horasTrabajadas,sueldo
332,Eden,75,18000
id,nombre,horasTrabajadas,sueldo
333,Cornie,75,15000
id,nombre,horasTrabajadas,sueldo
334,Isak,220,20000
id,nombre,horasTrabajadas,sueldo
335,Rand,88,20000
id,nombre,horasTrabajadas,sueldo
336,Dominique,220,37000
id,nombre,horasTrabajadas,sueldo
337,Lira,60,30000
id,nombre,horasTrabajadas,sueldo
338,Filbert,325,20000
id,nombre,horasTrabajadas,sueldo
339,Nona,75,30000
id,nombre,horasTrabajadas,sueldo
340,Melloney,325,33000
id,nombre,horasTrabajadas,sueldo
341,Rafaello,180,37000
id,nombre,horasTrabajadas,sueldo
342,Floria,60,12000
id,nombre,horasTrabajadas,sueldo
343,Johannes,88,18000
id,nombre,horasTrabajadas,sueldo
344,Genevra,90,10000
id,nombre,horasTrabajadas,sueldo
345,Aldric,220,50000
id,nombre,horasTrabajadas,sueldo
346,Janeta,120,10000
id,nombre,horasTrabajadas,sueldo
347,Tarra,75,12000
id,nombre,horasTrabajadas,sueldo
348,Jefferey,220,33000
id,nombre,horasTrabajadas,sueldo
349,Cassie,88,50000
id,nombre,horasTrabajadas,sueldo
350,Maiga,120,20000
id,nombre,horasTrabajadas,sueldo
351,Heddi,325,20000
id,nombre,horasTrabajadas,sueldo
352,Marieann,325,50000
id,nombre,horasTrabajadas,sueldo
353,Carita,180,42000
id,nombre,horasTrabajadas,sueldo
354,Kurtis,88,50000
id,nombre,horasTrabajadas,sueldo
355,Wilfred,180,20000
id,nombre,horasTrabajadas,sueldo
356,Isabelle,120,20000
id,nombre,horasTrabajadas,sueldo
357,Nisse,220,37000
id,nombre,horasTrabajadas,sueldo
358,Ula,75,50000
id,nombre,horasTrabajadas,sueldo
359,Tully,88,18000
id,nombre,horasTrabajadas,sueldo
360,Honor,120,30000
id,nombre,horasTrabajadas,sueldo
361,Sinclair,60,50000
id,nombre,horasTrabajadas,sueldo
362,Buddy,120,50000
id,nombre,horasTrabajadas,sueldo
363,Neilla,180,50000
id,nombre,horasTrabajadas,sueldo
364,Junie,90,20000
id,nombre,horasTrabajadas,sueldo
365,Neely,120,20000
id,nombre,horasTrabajadas,sueldo
366,Klarrisa,180,18000
id,nombre,horasTrabajadas,sueldo
367,Maryellen,120,37000
id,nombre,horasTrabajadas,sueldo
368,Clywd,220,33000
id,nombre,horasTrabajadas,sueldo
369,Deni,60,42000
id,nombre,horasTrabajadas,sueldo
370,Ingrim,120,30000
id,nombre,horasTrabajadas,sueldo
371,Franni,325,42000
id,nombre,horasTrabajadas,sueldo
372,Andy,75,37000
id,nombre,horasTrabajadas,sueldo
373,Veronica,75,42000
id,nombre,horasTrabajadas,sueldo
374,Dalis,60,42000
id,nombre,horasTrabajadas,sueldo
375,Nanni,180,25000
id,nombre,horasTrabajadas,sueldo
376,Vikky,90,15000
id,nombre,horasTrabajadas,sueldo
377,Hussein,325,25000
id,nombre,horasTrabajadas,sueldo
378,Brigg,220,10000
id,nombre,horasTrabajadas,sueldo
379,Crawford,180,12000
id,nombre,horasTrabajadas,sueldo
380,Fran,220,30000
id,nombre,horasTrabajadas,sueldo
381,Silas,90,15000
id,nombre,horasTrabajadas,sueldo
382,Alister,90,33000
id,nombre,horasTrabajadas,sueldo
383,George,325,15000
id,nombre,horasTrabajadas,sueldo
384,Nonnah,120,25000
id,nombre,horasTrabajadas,sueldo
385,Gayel,90,20000
id,nombre,horasTrabajadas,sueldo
386,Demeter,88,10000
id,nombre,horasTrabajadas,sueldo
387,Juliann,90,50000
id,nombre,horasTrabajadas,sueldo
388,Shauna,120,25000
id,nombre,horasTrabajadas,sueldo
389,Anna-maria,120,42000
id,nombre,horasTrabajadas,sueldo
390,Ag,88,50000
id,nombre,horasTrabajadas,sueldo
391,Sherwin,88,50000
id,nombre,horasTrabajadas,sueldo
392,Vikki,88,33000
id,nombre,horasTrabajadas,sueldo
393,Barret,60,10000
id,nombre,horasTrabajadas,sueldo
394,Gaelan,90,25000
id,nombre,horasTrabajadas,sueldo
395,Livy,60,20000
id,nombre,horasTrabajadas,sueldo
396,Iorgos,90,18000
id,nombre,horasTrabajadas,sueldo
397,Charil,88,33000
id,nombre,horasTrabajadas,sueldo
398,Easter,88,30000
id,nombre,horasTrabajadas,sueldo
399,Esdras,120,37000
id,nombre,horasTrabajadas,sueldo
400,Prince,60,25000
id,nombre,horasTrabajadas,sueldo
401,Vail,120,33000
id,nombre,horasTrabajadas,sueldo
402,Rachel,325,12000
id,nombre,horasTrabajadas,sueldo
403,Bar,88,20000
id,nombre,horasTrabajadas,sueldo
404,Willa,325,30000
id,nombre,horasTrabajadas,sueldo
405,Amerigo,88,33000
id,nombre,horasTrabajadas,sueldo
406,Fredric,325,50000
id,nombre,horasTrabajadas,sueldo
407,Mikael,220,50000
id,nombre,horasTrabajadas,sueldo
408,Benson,120,20000
id,nombre,horasTrabajadas,sueldo
409,Sileas,120,20000
id,nombre,horasTrabajadas,sueldo
410,Fidelia,60,12000
id,nombre,horasTrabajadas,sueldo
411,Frayda,60,30000
id,nombre,horasTrabajadas,sueldo
412,Babita,90,30000
id,nombre,horasTrabajadas,sueldo
413,Clair,75,42000
id,nombre,horasTrabajadas,sueldo
414,Morie,180,12000
id,nombre,horasTrabajadas,sueldo
415,Skylar,325,20000
id,nombre,horasTrabajadas,sueldo
416,Dennie,75,42000
id,nombre,horasTrabajadas,sueldo
417,Sibley,60,20000
id,nombre,horasTrabajadas,sueldo
418,Addia,75,20000
id,nombre,horasTrabajadas,sueldo
419,Ed,180,18000
id,nombre,horasTrabajadas,sueldo
420,Lothaire,180,12000
id,nombre,horasTrabajadas,sueldo
421,Neila,120,15000
id,nombre,horasTrabajadas,sueldo
422,Jennifer,220,15000
id,nombre,horasTrabajadas,sueldo
423,Keelby,325,15000
id,nombre,horasTrabajadas,sueldo
424,Chuck,325,33000
id,nombre,horasTrabajadas,sueldo
425,Jordan,90,33000
id,nombre,horasTrabajadas,sueldo
426,Minnnie,180,20000
id,nombre,horasTrabajadas,sueldo
427,Carine,180,33000
id,nombre,horasTrabajadas,sueldo
428,Kelly,325,37000
id,nombre,horasTrabajadas,sueldo
429,Coleman,90,25000
id,nombre,horasTrabajadas,sueldo
430,Pincus,88,42000
id,nombre,horasTrabajadas,sueldo
431,Smitty,220,15000
id,nombre,horasTrabajadas,sueldo
432,Wade,325,12000
id,nombre,horasTrabajadas,sueldo
433,Emmit,180,12000
id,nombre,horasTrabajadas,sueldo
434,Brietta,75,42000
id,nombre,horasTrabajadas,sueldo
435,Wesley,60,10000
id,nombre,horasTrabajadas,sueldo
436,Felicdad,120,18000
id,nombre,horasTrabajadas,sueldo
437,Any,60,18000
id,nombre,horasTrabajadas,sueldo
438,Gardie,90,12000
id,nombre,horasTrabajadas,sueldo
439,Leelah,325,25000
id,nombre,horasTrabajadas,sueldo
440,Garold,60,20000
id,nombre,horasTrabajadas,sueldo
441,Regine,180,10000
id,nombre,horasTrabajadas,sueldo
442,Tam,220,20000
id,nombre,horasTrabajadas,sueldo
443,Davon,220,20000
id,nombre,horasTrabajadas,sueldo
444,Chrissy,180,18000
id,nombre,horasTrabajadas,sueldo
445,Ozzie,120,20000
id,nombre,horasTrabajadas,sueldo
446,Rina,325,20000
id,nombre,horasTrabajadas,sueldo
447,Guy,180,42000
id,nombre,horasTrabajadas,sueldo
448,Lenora,60,18000
id,nombre,horasTrabajadas,sueldo
449,Julietta,220,42000
id,nombre,horasTrabajadas,sueldo
450,Alexandr,220,18000
id,nombre,horasTrabajadas,sueldo
451,Margalit,75,15000
id,nombre,horasTrabajadas,sueldo
452,Samara,88,50000
id,nombre,horasTrabajadas,sueldo
453,Portie,220,15000
id,nombre,horasTrabajadas,sueldo
454,Korella,325,33000
id,nombre,horasTrabajadas,sueldo
455,Hilly,325,30000
id,nombre,horasTrabajadas,sueldo
456,Leeanne,75,10000
id,nombre,horasTrabajadas,sueldo
457,Arnaldo,180,10000
id,nombre,horasTrabajadas,sueldo
458,Kassi,325,37000
id,nombre,horasTrabajadas,sueldo
459,Karen,60,20000
id,nombre,horasTrabajadas,sueldo
460,Mac,325,20000
id,nombre,horasTrabajadas,sueldo
461,Anthia,60,37000
id,nombre,horasTrabajadas,sueldo
462,Marsiella,120,20000
id,nombre,horasTrabajadas,sueldo
463,Shea,120,12000
id,nombre,horasTrabajadas,sueldo
464,Liana,90,15000
id,nombre,horasTrabajadas,sueldo
465,Carley,120,12000
id,nombre,horasTrabajadas,sueldo
466,Carlye,120,37000
id,nombre,horasTrabajadas,sueldo
467,Svend,60,25000
id,nombre,horasTrabajadas,sueldo
468,Kendell,90,25000
id,nombre,horasTrabajadas,sueldo
469,Chrisy,60,15000
id,nombre,horasTrabajadas,sueldo
470,Rod,75,50000
id,nombre,horasTrabajadas,sueldo
471,Ramsay,90,20000
id,nombre,horasTrabajadas,sueldo
472,Saidee,325,50000
id,nombre,horasTrabajadas,sueldo
473,Erek,180,10000
id,nombre,horasTrabajadas,sueldo
474,Salomi,60,10000
id,nombre,horasTrabajadas,sueldo
475,Coletta,90,50000
id,nombre,horasTrabajadas,sueldo
476,Abigael,90,12000
id,nombre,horasTrabajadas,sueldo
477,Mariele,60,33000
id,nombre,horasTrabajadas,sueldo
478,Brooke,88,20000
id,nombre,horasTrabajadas,sueldo
479,Benita,90,25000
id,nombre,horasTrabajadas,sueldo
480,Marissa,90,37000
id,nombre,horasTrabajadas,sueldo
481,Lionello,60,37000
id,nombre,horasTrabajadas,sueldo
482,Tori,120,42000
id,nombre,horasTrabajadas,sueldo
483,Micheil,220,37000
id,nombre,horasTrabajadas,sueldo
484,Kym,120,20000
id,nombre,horasTrabajadas,sueldo
485,Melisse,220,10000
id,nombre,horasTrabajadas,sueldo
486,Bartholomew,120,33000
id,nombre,horasTrabajadas,sueldo
487,Rorie,220,25000
id,nombre,horasTrabajadas,sueldo
488,Hedvige,220,37000
id,nombre,horasTrabajadas,sueldo
489,Dorothea,75,15000
id,nombre,horasTrabajadas,sueldo
490,Tamarah,88,50000
id,nombre,horasTrabajadas,sueldo
491,Skipton,75,10000
id,nombre,horasTrabajadas,sueldo
492,Minny,90,33000
id,nombre,horasTrabajadas,sueldo
493,Joshia,75,33000
id,nombre,horasTrabajadas,sueldo
494,Mirilla,180,30000
id,nombre,horasTrabajadas,sueldo
495,Willey,220,15000
id,nombre,horasTrabajadas,sueldo
496,Conrado,220,50000
id,nombre,horasTrabajadas,sueldo
497,Fredia,220,30000
id,nombre,horasTrabajadas,sueldo
498,Gretchen,180,12000
id,nombre,horasTrabajadas,sueldo
499,Bibbie,60,37000
id,nombre,horasTrabajadas,sueldo
500,Warren,220,25000
id,nombre,horasTrabajadas,sueldo
501,Gabi,220,30000
id,nombre,horasTrabajadas,sueldo
502,Callie,220,50000
id,nombre,horasTrabajadas,sueldo
503,Patton,60,15000
id,nombre,horasTrabajadas,sueldo
504,Karie,75,25000
id,nombre,horasTrabajadas,sueldo
505,Martguerita,90,50000
id,nombre,horasTrabajadas,sueldo
506,Lothaire,60,20000
id,nombre,horasTrabajadas,sueldo
507,Patrice,220,37000
id,nombre,horasTrabajadas,sueldo
508,Lin,120,12000
id,nombre,horasTrabajadas,sueldo
509,Cornie,180,42000
id,nombre,horasTrabajadas,sueldo
510,Irena,180,20000
id,nombre,horasTrabajadas,sueldo
511,Markos,60,20000
id,nombre,horasTrabajadas,sueldo
512,Bird,75,18000
id,nombre,horasTrabajadas,sueldo
513,Lorna,325,42000
id,nombre,horasTrabajadas,sueldo
514,Vincents,90,25000
id,nombre,horasTrabajadas,sueldo
515,Torrey,325,42000
id,nombre,horasTrabajadas,sueldo
516,Pernell,325,50000
id,nombre,horasTrabajadas,sueldo
517,Danya,180,25000
id,nombre,horasTrabajadas,sueldo
518,Erda,325,37000
id,nombre,horasTrabajadas,sueldo
519,Ethe,325,20000
id,nombre,horasTrabajadas,sueldo
520,Coop,90,37000
id,nombre,horasTrabajadas,sueldo
521,Sheridan,120,50000
id,nombre,horasTrabajadas,sueldo
522,Charles,180,42000
id,nombre,horasTrabajadas,sueldo
523,Eddy,88,12000
id,nombre,horasTrabajadas,sueldo
524,Janey,120,42000
id,nombre,horasTrabajadas,sueldo
525,Edan,88,20000
id,nombre,horasTrabajadas,sueldo
526,Homer,325,10000
id,nombre,horasTrabajadas,sueldo
527,Eveline,325,37000
id,nombre,horasTrabajadas,sueldo
528,Helen-elizabeth,220,20000
id,nombre,horasTrabajadas,sueldo
529,Daveta,180,20000
id,nombre,horasTrabajadas,sueldo
530,Mort,90,42000
id,nombre,horasTrabajadas,sueldo
531,Maxi,75,37000
id,nombre,horasTrabajadas,sueldo
532,Nathalie,120,37000
id,nombre,horasTrabajadas,sueldo
533,Dennison,325,25000
id,nombre,horasTrabajadas,sueldo
534,Bunnie,120,33000
id,nombre,horasTrabajadas,sueldo
535,Frans,88,33000
id,nombre,horasTrabajadas,sueldo
536,Delmar,325,42000
id,nombre,horasTrabajadas,sueldo
537,Ced,90,20000
id,nombre,horasTrabajadas,sueldo
538,Caren,75,12000
id,nombre,horasTrabajadas,sueldo
539,Christie,88,18000
id,nombre,horasTrabajadas,sueldo
540,Saunders,325,25000
id,nombre,horasTrabajadas,sueldo
541,Deny,180,18000
id,nombre,horasTrabajadas,sueldo
542,Gene,90,15000
id,nombre,horasTrabajadas,sueldo
543,Margeaux,220,18000
id,nombre,horasTrabajadas,sueldo
544,Prisca,180,18000
id,nombre,horasTrabajadas,sueldo
545,Domini,88,18000
id,nombre,horasTrabajadas,sueldo
546,Henrie,75,50000
id,nombre,horasTrabajadas,sueldo
547,Marj,120,18000
id,nombre,horasTrabajadas,sueldo
548,Mab,120,25000
id,nombre,horasTrabajadas,sueldo
549,Josiah,120,12000
id,nombre,horasTrabajadas,sueldo
550,Mathe,180,12000
id,nombre,horasTrabajadas,sueldo
551,Gauthier,88,12000
id,nombre,horasTrabajadas,sueldo
552,Delmore,180,33000
id,nombre,horasTrabajadas,sueldo
553,Lynett,120,37000
id,nombre,horasTrabajadas,sueldo
554,Lucais,90,42000
id,nombre,horasTrabajadas,sueldo
555,Clarice,180,33000
id,nombre,horasTrabajadas,sueldo
556,Aeriela,120,37000
id,nombre,horasTrabajadas,sueldo
557,Babbie,75,15000
id,nombre,horasTrabajadas,sueldo
558,Caren,90,15000
id,nombre,horasTrabajadas,sueldo
559,Jessamine,325,18000
id,nombre,horasTrabajadas,sueldo
560,Hesther,88,15000
id,nombre,horasTrabajadas,sueldo
561,Sasha,88,15000
id,nombre,horasTrabajadas,sueldo
562,Erica,120,10000
id,nombre,horasTrabajadas,sueldo
563,Keith,120,10000
id,nombre,horasTrabajadas,sueldo
564,Briney,88,12000
id,nombre,horasTrabajadas,sueldo
565,Rutherford,90,15000
id,nombre,horasTrabajadas,sueldo
566,Lemmie,325,18000
id,nombre,horasTrabajadas,sueldo
567,Dur,220,25000
id,nombre,horasTrabajadas,sueldo
568,Modesta,120,33000
id,nombre,horasTrabajadas,sueldo
569,Carter,88,33000
id,nombre,horasTrabajadas,sueldo
570,Retha,220,15000
id,nombre,horasTrabajadas,sueldo
571,Carma,220,33000
id,nombre,horasTrabajadas,sueldo
572,Antonella,90,15000
id,nombre,horasTrabajadas,sueldo
573,Sutherlan,75,10000
id,nombre,horasTrabajadas,sueldo
574,Phillipe,88,37000
id,nombre,horasTrabajadas,sueldo
575,Florida,180,37000
id,nombre,horasTrabajadas,sueldo
576,Corrina,75,15000
id,nombre,horasTrabajadas,sueldo
577,Adrianne,220,10000
id,nombre,horasTrabajadas,sueldo
578,Scarlett,325,20000
id,nombre,horasTrabajadas,sueldo
579,Shel,120,25000
id,nombre,horasTrabajadas,sueldo
580,Delaney,88,50000
id,nombre,horasTrabajadas,sueldo
581,Tiphani,220,33000
id,nombre,horasTrabajadas,sueldo
582,Grier,88,42000
id,nombre,horasTrabajadas,sueldo
583,Annabell,180,15000
id,nombre,horasTrabajadas,sueldo
584,Basil,120,12000
id,nombre,horasTrabajadas,sueldo
585,Horatius,180,18000
id,nombre,horasTrabajadas,sueldo
586,Umeko,220,30000
id,nombre,horasTrabajadas,sueldo
587,Hayes,220,10000
id,nombre,horasTrabajadas,sueldo
588,Lynnette,220,37000
id,nombre,horasTrabajadas,sueldo
589,Hesther,180,33000
id,nombre,horasTrabajadas,sueldo
590,Trumaine,325,15000
id,nombre,horasTrabajadas,sueldo
591,Emlyn,325,50000
id,nombre,horasTrabajadas,sueldo
592,Corabelle,220,37000
id,nombre,horasTrabajadas,sueldo
593,Vic,220,25000
id,nombre,horasTrabajadas,sueldo
594,Cyndia,88,33000
id,nombre,horasTrabajadas,sueldo
595,Gray,120,42000
id,nombre,horasTrabajadas,sueldo
596,Dylan,120,30000
id,nombre,horasTrabajadas,sueldo
597,Isabelle,60,20000
id,nombre,horasTrabajadas,sueldo
598,Eachelle,180,37000
id,nombre,horasTrabajadas,sueldo
599,Howard,88,18000
id,nombre,horasTrabajadas,sueldo
600,Cornall,75,18000
id,nombre,horasTrabajadas,sueldo
601,Emmalee,90,18000
id,nombre,horasTrabajadas,sueldo
602,Brian,180,20000
id,nombre,horasTrabajadas,sueldo
603,Cahra,325,50000
id,nombre,horasTrabajadas,sueldo
604,Arvin,220,50000
id,nombre,horasTrabajadas,sueldo
605,Minda,90,15000
id,nombre,horasTrabajadas,sueldo
606,Dedie,88,33000
id,nombre,horasTrabajadas,sueldo
607,Lydia,325,15000
id,nombre,horasTrabajadas,sueldo
608,Joshia,220,25000
id,nombre,horasTrabajadas,sueldo
609,Bernita,325,15000
id,nombre,horasTrabajadas,sueldo
610,Sayre,90,33000
id,nombre,horasTrabajadas,sueldo
611,Pearla,220,20000
id,nombre,horasTrabajadas,sueldo
612,Fidole,75,30000
id,nombre,horasTrabajadas,sueldo
613,Evin,325,12000
id,nombre,horasTrabajadas,sueldo
614,Fredia,60,20000
id,nombre,horasTrabajadas,sueldo
615,Idalina,120,50000
id,nombre,horasTrabajadas,sueldo
616,Hetti,75,30000
id,nombre,horasTrabajadas,sueldo
617,Kirk,180,30000
id,nombre,horasTrabajadas,sueldo
618,Orson,180,25000
id,nombre,horasTrabajadas,sueldo
619,Lyndsay,180,42000
id,nombre,horasTrabajadas,sueldo
620,Lissy,60,37000
id,nombre,horasTrabajadas,sueldo
621,Odessa,120,50000
id,nombre,horasTrabajadas,sueldo
622,Hestia,180,18000
id,nombre,horasTrabajadas,sueldo
623,Dorotea,88,10000
id,nombre,horasTrabajadas,sueldo
624,Giraud,90,15000
id,nombre,horasTrabajadas,sueldo
625,Tonya,180,37000
id,nombre,horasTrabajadas,sueldo
626,Menard,88,37000
id,nombre,horasTrabajadas,sueldo
627,Nicola,75,12000
id,nombre,horasTrabajadas,sueldo
628,Maddy,60,25000
id,nombre,horasTrabajadas,sueldo
629,Mace,88,18000
id,nombre,horasTrabajadas,sueldo
630,Lyndy,180,37000
id,nombre,horasTrabajadas,sueldo
631,Ivonne,90,20000
id,nombre,horasTrabajadas,sueldo
632,Josepha,88,20000
id,nombre,horasTrabajadas,sueldo
633,Shandra,120,50000
id,nombre,horasTrabajadas,sueldo
634,Viva,88,25000
id,nombre,horasTrabajadas,sueldo
635,Sherwin,180,10000
id,nombre,horasTrabajadas,sueldo
636,Abigail,90,18000
id,nombre,horasTrabajadas,sueldo
637,Rosalia,60,18000
id,nombre,horasTrabajadas,sueldo
638,Merissa,60,25000
id,nombre,horasTrabajadas,sueldo
639,Marylee,60,50000
id,nombre,horasTrabajadas,sueldo
640,Wolfy,120,33000
id,nombre,horasTrabajadas,sueldo
641,Maia,220,10000
id,nombre,horasTrabajadas,sueldo
642,Elinor,60,33000
id,nombre,horasTrabajadas,sueldo
643,Neron,180,42000
id,nombre,horasTrabajadas,sueldo
644,Malachi,60,25000
id,nombre,horasTrabajadas,sueldo
645,Sarajane,60,10000
id,nombre,horasTrabajadas,sueldo
646,Arlie,88,42000
id,nombre,horasTrabajadas,sueldo
647,Felike,220,12000
id,nombre,horasTrabajadas,sueldo
648,Ethan,90,12000
id,nombre,horasTrabajadas,sueldo
649,Ruthy,180,20000
id,nombre,horasTrabajadas,sueldo
650,Hugo,60,30000
id,nombre,horasTrabajadas,sueldo
651,Thorndike,220,10000
id,nombre,horasTrabajadas,sueldo
652,Cesaro,325,30000
id,nombre,horasTrabajadas,sueldo
653,Harmonia,75,12000
id,nombre,horasTrabajadas,sueldo
654,Damara,180,12000
id,nombre,horasTrabajadas,sueldo
655,Maddy,88,25000
id,nombre,horasTrabajadas,sueldo
656,Filmer,90,50000
id,nombre,horasTrabajadas,sueldo
657,Boothe,75,12000
id,nombre,horasTrabajadas,sueldo
658,Dorrie,120,42000
id,nombre,horasTrabajadas,sueldo
659,Willdon,220,10000
id,nombre,horasTrabajadas,sueldo
660,Cindi,325,12000
id,nombre,horasTrabajadas,sueldo
661,Shermie,120,12000
id,nombre,horasTrabajadas,sueldo
662,Byrom,180,42000
id,nombre,horasTrabajadas,sueldo
663,Millie,90,15000
id,nombre,horasTrabajadas,sueldo
664,Natassia,325,42000
id,nombre,horasTrabajadas,sueldo
665,Wheeler,60,25000
id,nombre,horasTrabajadas,sueldo
666,Caritta,88,12000
id,nombre,horasTrabajadas,sueldo
667,Kennan,120,12000
id,nombre,horasTrabajadas,sueldo
668,Katina,180,20000
id,nombre,horasTrabajadas,sueldo
669,Beverlee,60,25000
id,nombre,horasTrabajadas,sueldo
670,Arlette,220,30000
id,nombre,horasTrabajadas,sueldo
671,Jacqueline,90,50000
id,nombre,horasTrabajadas,sueldo
672,Sheila-kathryn,90,10000
id,nombre,horasTrabajadas,sueldo
673,Lambert,325,42000
id,nombre,horasTrabajadas,sueldo
674,Lamont,220,33000
id,nombre,horasTrabajadas,sueldo
675,Immanuel,75,33000
id,nombre,horasTrabajadas,sueldo
676,Nani,220,50000
id,nombre,horasTrabajadas,sueldo
677,Galen,60,50000
id,nombre,horasTrabajadas,sueldo
678,Nilson,88,10000
id,nombre,horasTrabajadas,sueldo
679,Tomi,60,50000
id,nombre,horasTrabajadas,sueldo
680,Flore,75,30000
id,nombre,horasTrabajadas,sueldo
681,Burgess,120,12000
id,nombre,horasTrabajadas,sueldo
682,Tally,75,42000
id,nombre,horasTrabajadas,sueldo
683,Jaquenette,60,25000
id,nombre,horasTrabajadas,sueldo
684,Sly,60,42000
id,nombre,horasTrabajadas,sueldo
685,Yul,60,30000
id,nombre,horasTrabajadas,sueldo
686,Rosalyn,325,37000
id,nombre,horasTrabajadas,sueldo
687,Devondra,75,10000
id,nombre,horasTrabajadas,sueldo
688,Xenos,88,37000
id,nombre,horasTrabajadas,sueldo
689,Terrence,75,42000
id,nombre,horasTrabajadas,sueldo
690,Krystyna,60,50000
id,nombre,horasTrabajadas,sueldo
691,Krishna,325,50000
id,nombre,horasTrabajadas,sueldo
692,Zorina,75,18000
id,nombre,horasTrabajadas,sueldo
693,Baxy,120,20000
id,nombre,horasTrabajadas,sueldo
694,Terrie,75,42000
id,nombre,horasTrabajadas,sueldo
695,Justino,220,18000
id,nombre,horasTrabajadas,sueldo
696,Erhard,75,33000
id,nombre,horasTrabajadas,sueldo
697,Robbie,120,30000
id,nombre,horasTrabajadas,sueldo
698,Paddie,90,33000
id,nombre,horasTrabajadas,sueldo
699,Evelyn,75,10000
id,nombre,horasTrabajadas,sueldo
700,Abbot,90,33000
id,nombre,horasTrabajadas,sueldo
701,Tedra,90,33000
id,nombre,horasTrabajadas,sueldo
702,Rikki,90,12000
id,nombre,horasTrabajadas,sueldo
703,Alverta,90,25000
id,nombre,horasTrabajadas,sueldo
704,Pauly,120,30000
id,nombre,horasTrabajadas,sueldo
705,Ariella,60,12000
id,nombre,horasTrabajadas,sueldo
706,Lia,120,20000
id,nombre,horasTrabajadas,sueldo
707,Petronille,75,42000
id,nombre,horasTrabajadas,sueldo
708,Merle,325,10000
id,nombre,horasTrabajadas,sueldo
709,Hagan,120,50000
id,nombre,horasTrabajadas,sueldo
710,Nikolaus,88,30000
id,nombre,horasTrabajadas,sueldo
711,Cinda,120,42000
id,nombre,horasTrabajadas,sueldo
712,Matelda,120,18000
id,nombre,horasTrabajadas,sueldo
713,Roslyn,120,25000
id,nombre,horasTrabajadas,sueldo
714,Jerrylee,180,10000
id,nombre,horasTrabajadas,sueldo
715,Lucky,325,42000
id,nombre,horasTrabajadas,sueldo
716,Elita,90,18000
id,nombre,horasTrabajadas,sueldo
717,Hyacinthia,90,25000
id,nombre,horasTrabajadas,sueldo
718,Fina,220,42000
id,nombre,horasTrabajadas,sueldo
719,Kamila,88,42000
id,nombre,horasTrabajadas,sueldo
720,Jennie,88,42000
id,nombre,horasTrabajadas,sueldo
721,Riobard,180,42000
id,nombre,horasTrabajadas,sueldo
722,Joannes,325,10000
id,nombre,horasTrabajadas,sueldo
723,Darlene,180,42000
id,nombre,horasTrabajadas,sueldo
724,Zia,75,42000
id,nombre,horasTrabajadas,sueldo
725,Cristina,90,15000
id,nombre,horasTrabajadas,sueldo
726,Jonathon,220,50000
id,nombre,horasTrabajadas,sueldo
727,Rickie,220,42000
id,nombre,horasTrabajadas,sueldo
728,Klara,180,50000
id,nombre,horasTrabajadas,sueldo
729,Osbert,75,33000
id,nombre,horasTrabajadas,sueldo
730,Emmet,90,37000
id,nombre,horasTrabajadas,sueldo
731,Cassandry,60,33000
id,nombre,horasTrabajadas,sueldo
732,Enrica,325,18000
id,nombre,horasTrabajadas,sueldo
733,Evvy,75,42000
id,nombre,horasTrabajadas,sueldo
734,Silas,180,20000
id,nombre,horasTrabajadas,sueldo
735,Kaia,180,25000
id,nombre,horasTrabajadas,sueldo
736,Arvie,325,15000
id,nombre,horasTrabajadas,sueldo
737,Keith,180,20000
id,nombre,horasTrabajadas,sueldo
738,Silvie,120,12000
id,nombre,horasTrabajadas,sueldo
739,Winnifred,75,10000
id,nombre,horasTrabajadas,sueldo
740,Chen,325,37000
id,nombre,horasTrabajadas,sueldo
741,Carleton,75,15000
id,nombre,horasTrabajadas,sueldo
742,Silvano,220,12000
id,nombre,horasTrabajadas,sueldo
743,Pancho,88,18000
id,nombre,horasTrabajadas,sueldo
744,Melonie,90,33000
id,nombre,horasTrabajadas,sueldo
745,Gordon,325,12000
id,nombre,horasTrabajadas,sueldo
746,Rosemarie,75,10000
id,nombre,horasTrabajadas,sueldo
747,Graehme,90,18000
id,nombre,horasTrabajadas,sueldo
748,Mitchael,90,33000
id,nombre,horasTrabajadas,sueldo
749,Carola,325,10000
id,nombre,horasTrabajadas,sueldo
750,Zsa zsa,180,20000
id,nombre,horasTrabajadas,sueldo
751,Jude,180,12000
id,nombre,horasTrabajadas,sueldo
752,Arch,180,33000
id,nombre,horasTrabajadas,sueldo
753,Andrej,88,50000
id,nombre,horasTrabajadas,sueldo
754,Amber,325,42000
id,nombre,horasTrabajadas,sueldo
755,Dorian,325,15000
id,nombre,horasTrabajadas,sueldo
756,Kaitlynn,88,15000
id,nombre,horasTrabajadas,sueldo
757,Kerianne,220,37000
id,nombre,horasTrabajadas,sueldo
758,Boycie,88,18000
id,nombre,horasTrabajadas,sueldo
759,Nanete,90,37000
id,nombre,horasTrabajadas,sueldo
760,Sidonia,120,10000
id,nombre,horasTrabajadas,sueldo
761,Galvan,120,33000
id,nombre,horasTrabajadas,sueldo
762,Lucienne,75,25000
id,nombre,horasTrabajadas,sueldo
763,Davidson,75,37000
id,nombre,horasTrabajadas,sueldo
764,Roslyn,180,10000
id,nombre,horasTrabajadas,sueldo
765,Jenny,180,33000
id,nombre,horasTrabajadas,sueldo
766,Toby,88,20000
id,nombre,horasTrabajadas,sueldo
767,Brynne,325,18000
id,nombre,horasTrabajadas,sueldo
768,Blakeley,325,18000
id,nombre,horasTrabajadas,sueldo
769,Egan,325,10000
id,nombre,horasTrabajadas,sueldo
770,Barbey,325,20000
id,nombre,horasTrabajadas,sueldo
771,Portia,60,33000
id,nombre,horasTrabajadas,sueldo
772,Alica,60,37000
id,nombre,horasTrabajadas,sueldo
773,Juliana,180,50000
id,nombre,horasTrabajadas,sueldo
774,Barde,88,18000
id,nombre,horasTrabajadas,sueldo
775,Wilie,90,30000
id,nombre,horasTrabajadas,sueldo
776,Letta,220,10000
id,nombre,horasTrabajadas,sueldo
777,Ree,90,42000
id,nombre,horasTrabajadas,sueldo
778,Ingmar,75,18000
id,nombre,horasTrabajadas,sueldo
779,Melva,120,42000
id,nombre,horasTrabajadas,sueldo
780,Tootsie,88,25000
id,nombre,horasTrabajadas,sueldo
781,Felike,75,33000
id,nombre,horasTrabajadas,sueldo
782,Laughton,325,15000
id,nombre,horasTrabajadas,sueldo
783,Crosby,60,12000
id,nombre,horasTrabajadas,sueldo
784,Marianne,60,33000
id,nombre,horasTrabajadas,sueldo
785,Francine,120,42000
id,nombre,horasTrabajadas,sueldo
786,Edan,60,50000
id,nombre,horasTrabajadas,sueldo
787,Fayre,120,18000
id,nombre,horasTrabajadas,sueldo
788,Adelaida,180,37000
id,nombre,horasTrabajadas,sueldo
789,Florella,220,25000
id,nombre,horasTrabajadas,sueldo
790,Noll,120,30000
id,nombre,horasTrabajadas,sueldo
791,Ki,60,42000
id,nombre,horasTrabajadas,sueldo
792,Jermayne,75,33000
id,nombre,horasTrabajadas,sueldo
793,Grayce,325,33000
id,nombre,horasTrabajadas,sueldo
794,Harv,325,42000
id,nombre,horasTrabajadas,sueldo
795,Lorianna,60,15000
id,nombre,horasTrabajadas,sueldo
796,Hersh,180,33000
id,nombre,horasTrabajadas,sueldo
797,Diahann,88,33000
id,nombre,horasTrabajadas,sueldo
798,Yelena,180,50000
id,nombre,horasTrabajadas,sueldo
799,Emmaline,88,37000
id,nombre,horasTrabajadas,sueldo
800,Daffi,90,12000
id,nombre,horasTrabajadas,sueldo
801,Janine,60,50000
id,nombre,horasTrabajadas,sueldo
802,Sheilah,180,42000
id,nombre,horasTrabajadas,sueldo
803,Lazaro,220,10000
id,nombre,horasTrabajadas,sueldo
804,Earle,90,30000
id,nombre,horasTrabajadas,sueldo
805,Fred,88,25000
id,nombre,horasTrabajadas,sueldo
806,Almira,220,42000
id,nombre,horasTrabajadas,sueldo
807,Wini,88,37000
id,nombre,horasTrabajadas,sueldo
808,Emanuel,75,30000
id,nombre,horasTrabajadas,sueldo
809,Obadias,220,10000
id,nombre,horasTrabajadas,sueldo
810,Efrem,325,20000
id,nombre,horasTrabajadas,sueldo
811,Susi,60,18000
id,nombre,horasTrabajadas,sueldo
812,Maxy,60,15000
id,nombre,horasTrabajadas,sueldo
813,Agnes,88,42000
id,nombre,horasTrabajadas,sueldo
814,Obadiah,60,12000
id,nombre,horasTrabajadas,sueldo
815,Lefty,220,50000
id,nombre,horasTrabajadas,sueldo
816,Michele,88,42000
id,nombre,horasTrabajadas,sueldo
817,Cynthia,88,25000
id,nombre,horasTrabajadas,sueldo
818,Hyatt,220,20000
id,nombre,horasTrabajadas,sueldo
819,Roch,220,33000
id,nombre,horasTrabajadas,sueldo
820,Mag,88,12000
id,nombre,horasTrabajadas,sueldo
821,Trevor,180,10000
id,nombre,horasTrabajadas,sueldo
822,Jefferey,75,10000
id,nombre,horasTrabajadas,sueldo
823,Tania,325,42000
id,nombre,horasTrabajadas,sueldo
824,Mercie,90,42000
id,nombre,horasTrabajadas,sueldo
825,Andrei,325,10000
id,nombre,horasTrabajadas,sueldo
826,Yetta,120,25000
id,nombre,horasTrabajadas,sueldo
827,Angeli,90,20000
id,nombre,horasTrabajadas,sueldo
828,Norbert,90,20000
id,nombre,horasTrabajadas,sueldo
829,Conan,180,20000
id,nombre,horasTrabajadas,sueldo
830,Cale,60,50000
id,nombre,horasTrabajadas,sueldo
831,Christina,60,37000
id,nombre,horasTrabajadas,sueldo
832,Olivier,325,20000
id,nombre,horasTrabajadas,sueldo
833,Oby,325,12000
id,nombre,horasTrabajadas,sueldo
834,Chad,75,15000
id,nombre,horasTrabajadas,sueldo
835,Adelle,60,10000
id,nombre,horasTrabajadas,sueldo
836,Keene,60,25000
id,nombre,horasTrabajadas,sueldo
837,Corrina,75,50000
id,nombre,horasTrabajadas,sueldo
838,Hashim,88,50000
id,nombre,horasTrabajadas,sueldo
839,Oralia,325,10000
id,nombre,horasTrabajadas,sueldo
840,Wadsworth,325,30000
id,nombre,horasTrabajadas,sueldo
841,Shelley,60,15000
id,nombre,horasTrabajadas,sueldo
842,Irv,120,15000
id,nombre,horasTrabajadas,sueldo
843,Grant,220,33000
id,nombre,horasTrabajadas,sueldo
844,Bella,88,18000
id,nombre,horasTrabajadas,sueldo
845,Yardley,60,50000
id,nombre,horasTrabajadas,sueldo
846,Brendin,120,10000
id,nombre,horasTrabajadas,sueldo
847,Estella,220,42000
id,nombre,horasTrabajadas,sueldo
848,Rasia,60,37000
id,nombre,horasTrabajadas,sueldo
849,Gibb,180,20000
id,nombre,horasTrabajadas,sueldo
850,Amanda,325,37000
id,nombre,horasTrabajadas,sueldo
851,Sidoney,220,20000
id,nombre,horasTrabajadas,sueldo
852,Giacopo,90,18000
id,nombre,horasTrabajadas,sueldo
853,Eve,180,12000
id,nombre,horasTrabajadas,sueldo
854,Levon,120,25000
id,nombre,horasTrabajadas,sueldo
855,Vassili,120,33000
id,nombre,horasTrabajadas,sueldo
856,Henrieta,180,30000
id,nombre,horasTrabajadas,sueldo
857,Devlen,120,37000
id,nombre,horasTrabajadas,sueldo
858,Ophelie,120,37000
id,nombre,horasTrabajadas,sueldo
859,Abramo,325,37000
id,nombre,horasTrabajadas,sueldo
860,Fair,60,37000
id,nombre,horasTrabajadas,sueldo
861,Pietrek,325,25000
id,nombre,horasTrabajadas,sueldo
862,Holden,180,50000
id,nombre,horasTrabajadas,sueldo
863,Cherish,90,42000
id,nombre,horasTrabajadas,sueldo
864,Alonzo,325,12000
id,nombre,horasTrabajadas,sueldo
865,Devonna,60,18000
id,nombre,horasTrabajadas,sueldo
866,Rubi,60,18000
id,nombre,horasTrabajadas,sueldo
867,Emmanuel,220,30000
id,nombre,horasTrabajadas,sueldo
868,Trumaine,88,42000
id,nombre,horasTrabajadas,sueldo
869,Malory,220,42000
id,nombre,horasTrabajadas,sueldo
870,Pearla,220,33000
id,nombre,horasTrabajadas,sueldo
871,Phelia,60,33000
id,nombre,horasTrabajadas,sueldo
872,Madonna,120,10000
id,nombre,horasTrabajadas,sueldo
873,Thomasa,90,18000
id,nombre,horasTrabajadas,sueldo
874,Estella,325,20000
id,nombre,horasTrabajadas,sueldo
875,Saw,60,15000
id,nombre,horasTrabajadas,sueldo
876,Cecil,75,37000
id,nombre,horasTrabajadas,sueldo
877,Mac,60,25000
id,nombre,horasTrabajadas,sueldo
878,Ralf,120,12000
id,nombre,horasTrabajadas,sueldo
879,Barbey,325,12000
id,nombre,horasTrabajadas,sueldo
880,Josi,120,18000
id,nombre,horasTrabajadas,sueldo
881,Kenna,120,25000
id,nombre,horasTrabajadas,sueldo
882,Rina,75,25000
id,nombre,horasTrabajadas,sueldo
883,Callida,88,33000
id,nombre,horasTrabajadas,sueldo
884,Lona,220,30000
id,nombre,horasTrabajadas,sueldo
885,Jan,90,18000
id,nombre,horasTrabajadas,sueldo
886,Bailey,88,30000
id,nombre,horasTrabajadas,sueldo
887,Guillermo,75,42000
id,nombre,horasTrabajadas,sueldo
888,Katlin,88,25000
id,nombre,horasTrabajadas,sueldo
889,Flo,325,42000
id,nombre,horasTrabajadas,sueldo
890,Madel,180,12000
id,nombre,horasTrabajadas,sueldo
891,Conant,75,37000
id,nombre,horasTrabajadas,sueldo
892,Devland,60,10000
id,nombre,horasTrabajadas,sueldo
893,Annamarie,120,20000
id,nombre,horasTrabajadas,sueldo
894,Gabbie,220,42000
id,nombre,horasTrabajadas,sueldo
895,Frasquito,90,15000
id,nombre,horasTrabajadas,sueldo
896,Oberon,88,15000
id,nombre,horasTrabajadas,sueldo
897,Gabriell,120,10000
id,nombre,horasTrabajadas,sueldo
898,Ki,220,30000
id,nombre,horasTrabajadas,sueldo
899,Martelle,120,15000
id,nombre,horasTrabajadas,sueldo
900,Riccardo,90,42000
id,nombre,horasTrabajadas,sueldo
901,Shaughn,180,50000
id,nombre,horasTrabajadas,sueldo
902,Coral,120,18000
id,nombre,horasTrabajadas,sueldo
903,Judas,120,10000
id,nombre,horasTrabajadas,sueldo
904,Josiah,325,12000
id,nombre,horasTrabajadas,sueldo
905,Freda,60,42000
id,nombre,horasTrabajadas,sueldo
906,Lynn,325,37000
id,nombre,horasTrabajadas,sueldo
907,Tabb,325,50000
id,nombre,horasTrabajadas,sueldo
908,Brittany,180,18000
id,nombre,horasTrabajadas,sueldo
909,Leo,88,42000
id,nombre,horasTrabajadas,sueldo
910,Atlante,120,33000
id,nombre,horasTrabajadas,sueldo
911,Maurie,180,50000
id,nombre,horasTrabajadas,sueldo
912,Oren,120,20000
id,nombre,horasTrabajadas,sueldo
913,Anetta,60,10000
id,nombre,horasTrabajadas,sueldo
914,Curry,88,20000
id,nombre,horasTrabajadas,sueldo
915,Tyrone,180,15000
id,nombre,horasTrabajadas,sueldo
916,Saunder,180,37000
id,nombre,horasTrabajadas,sueldo
917,Luis,60,12000
id,nombre,horasTrabajadas,sueldo
918,Alysia,325,37000
id,nombre,horasTrabajadas,sueldo
919,Calypso,90,12000
id,nombre,horasTrabajadas,sueldo
920,Gretna,220,42000
id,nombre,horasTrabajadas,sueldo
921,Odie,90,20000
id,nombre,horasTrabajadas,sueldo
922,Wenda,90,12000
id,nombre,horasTrabajadas,sueldo
923,Ezekiel,75,20000
id,nombre,horasTrabajadas,sueldo
924,Orlan,60,25000
id,nombre,horasTrabajadas,sueldo
925,Wittie,90,37000
id,nombre,horasTrabajadas,sueldo
926,Abbie,90,18000
id,nombre,horasTrabajadas,sueldo
927,Robinia,120,10000
id,nombre,horasTrabajadas,sueldo
928,Hayden,180,30000
id,nombre,horasTrabajadas,sueldo
929,Melody,60,20000
id,nombre,horasTrabajadas,sueldo
930,Emory,325,37000
id,nombre,horasTrabajadas,sueldo
931,Callie,75,10000
id,nombre,horasTrabajadas,sueldo
932,Debby,180,18000
id,nombre,horasTrabajadas,sueldo
933,Gui,325,20000
id,nombre,horasTrabajadas,sueldo
934,Dorette,120,37000
id,nombre,horasTrabajadas,sueldo
935,Jillane,90,37000
id,nombre,horasTrabajadas,sueldo
936,Carolina,88,33000
id,nombre,horasTrabajadas,sueldo
937,Randy,120,15000
id,nombre,horasTrabajadas,sueldo
938,Arabel,180,50000
id,nombre,horasTrabajadas,sueldo
939,Verina,75,37000
id,nombre,horasTrabajadas,sueldo
940,Josefina,90,30000
id,nombre,horasTrabajadas,sueldo
941,Nina,120,25000
id,nombre,horasTrabajadas,sueldo
942,Vernen,120,18000
id,nombre,horasTrabajadas,sueldo
943,Loria,180,25000
id,nombre,horasTrabajadas,sueldo
944,Isabeau,88,37000
id,nombre,horasTrabajadas,sueldo
945,Cherice,220,15000
id,nombre,horasTrabajadas,sueldo
946,Kimberley,325,18000
id,nombre,horasTrabajadas,sueldo
947,Martyn,180,25000
id,nombre,horasTrabajadas,sueldo
948,Agustin,75,25000
id,nombre,horasTrabajadas,sueldo
949,Clerissa,120,15000
id,nombre,horasTrabajadas,sueldo
950,Lonna,120,10000
id,nombre,horasTrabajadas,sueldo
951,Wake,220,25000
id,nombre,horasTrabajadas,sueldo
952,Edwina,75,42000
id,nombre,horasTrabajadas,sueldo
953,Lacey,75,50000
id,nombre,horasTrabajadas,sueldo
954,Laetitia,90,33000
id,nombre,horasTrabajadas,sueldo
955,Delila,325,20000
id,nombre,horasTrabajadas,sueldo
956,Sioux,120,12000
id,nombre,horasTrabajadas,sueldo
957,Floyd,75,15000
id,nombre,horasTrabajadas,sueldo
958,Trista,75,50000
id,nombre,horasTrabajadas,sueldo
959,Shaughn,90,15000
id,nombre,horasTrabajadas,sueldo
960,Zitella,120,42000
id,nombre,horasTrabajadas,sueldo
961,Ginnie,180,15000
id,nombre,horasTrabajadas,sueldo
962,Burty,60,12000
id,nombre,horasTrabajadas,sueldo
963,Arley,120,33000
id,nombre,horasTrabajadas,sueldo
964,Ansley,75,37000
id,nombre,horasTrabajadas,sueldo
965,Kirstin,180,12000
id,nombre,horasTrabajadas,sueldo
966,Karon,88,10000
id,nombre,horasTrabajadas,sueldo
967,Esme,120,37000
id,nombre,horasTrabajadas,sueldo
968,Berenice,325,10000
id,nombre,horasTrabajadas,sueldo
969,Charlie,325,50000
id,nombre,horasTrabajadas,sueldo
970,Noach,325,12000
id,nombre,horasTrabajadas,sueldo
971,Mercedes,180,12000
id,nombre,horasTrabajadas,sueldo
972,Sloan,325,42000
id,nombre,horasTrabajadas,sueldo
973,Guglielma,120,15000
id,nombre,horasTrabajadas,sueldo
974,Herrick,75,30000
id,nombre,horasTrabajadas,sueldo
975,Aleksandr,88,42000
id,nombre,horasTrabajadas,sueldo
976,Arlina,325,33000
id,nombre,horasTrabajadas,sueldo
977,Wenonah,325,12000
id,nombre,horasTrabajadas,sueldo
978,Warner,90,30000
id,nombre,horasTrabajadas,sueldo
979,Libbey,120,42000
id,nombre,horasTrabajadas,sueldo
980,Brana,60,10000
id,nombre,horasTrabajadas,sueldo
981,Genevieve,180,20000
id,nombre,horasTrabajadas,sueldo
982,Sharai,75,10000
id,nombre,horasTrabajadas,sueldo
983,Josi,120,12000
id,nombre,horasTrabajadas,sueldo
984,Pebrook,60,33000
id,nombre,horasTrabajadas,sueldo
985,Erna,325,33000
id,nombre,horasTrabajadas,sueldo
986,Ferd,88,25000
id,nombre,horasTrabajadas,sueldo
987,Mohammed,220,42000
id,nombre,horasTrabajadas,sueldo
988,Dawn,180,37000
id,nombre,horasTrabajadas,sueldo
989,Wandie,60,25000
id,nombre,horasTrabajadas,sueldo
990,Chiarra,325,18000
id,nombre,horasTrabajadas,sueldo
991,Zaccaria,88,33000
id,nombre,horasTrabajadas,sueldo
992,Trenna,90,10000
id,nombre,horasTrabajadas,sueldo
993,Angelia,60,50000
id,nombre,horasTrabajadas,sueldo
994,Raquela,180,12000
id,nombre,horasTrabajadas,sueldo
995,Maxi,325,18000
id,nombre,horasTrabajadas,sueldo
996,Atalanta,90,37000
id,nombre,horasTrabajadas,sueldo
997,De witt,88,12000
id,nombre,horasTrabajadas,sueldo
998,Jaye,75,25000
id,nombre,horasTrabajadas,sueldo
999,Tamarra,60,15000
id,nombre,horasTrabajadas,sueldo
1000,Saleem,60,20000
